date,mkt_chg,base,score_raw,score_eff,action_ratio,final_multiplier,amount_before_cap,amount_final,channel,cash,position,market_temp,market_mode,trend_strong
2024-01-12,-1.0823,36.88,36.88,42.45,0.0,0.75,86.42,0.0,A,1000,0.0,-12.42,defense,False
2024-01-15,0.0277,37.5,37.5,42.86,0.0,0.75,88.01,0.0,A,1000,0.0,-11.7,defense,False
2024-01-16,-0.1759,37.5,37.5,42.86,0.0,0.75,88.01,0.0,A,1000,0.0,-10.67,defense,False
2024-01-17,-1.7836,31.62,31.62,38.74,0.0,0.75,72.35,0.0,A,1000,0.0,-13.58,defense,False
2024-01-18,1.1823,56.82,56.82,53.19,0.0,0.75,131.32,0.0,A,1000,0.0,-10.3,defense,False
2024-01-19,-0.2468,37.5,37.5,42.86,0.0,0.75,88.01,0.0,A,1000,0.0,-11.45,defense,False
2024-01-22,-2.6512,25.12,25.12,33.44,0.0,0.75,53.85,0.0,A,1000,0.0,-13.14,defense,False
2024-01-23,1.3399,58.4,58.4,53.87,0.0,0.75,134.35,0.0,A,1000,0.0,-11.46,defense,False
2024-01-24,0.2153,37.5,37.5,42.86,0.0,0.75,88.01,0.0,A,1000,0.0,-9.36,defense,False
2024-01-25,1.8277,63.28,63.28,55.86,0.0,0.75,143.29,0.0,A,1000,0.0,-7.71,defense,False
2024-01-26,-1.6168,32.87,32.87,39.67,0.0,0.75,75.78,0.0,A,1000,0.0,-11.93,defense,False
2024-01-29,-1.907,30.7,30.7,38.04,0.0,0.75,69.78,0.0,A,1000,0.0,-15.44,defense,False
2024-01-30,-2.2085,22.75,47.4,48.66,0.0,0.6,111.71,0.0,A,1000,0.0,-16.5,defense,False
2024-01-31,-2.1722,22.97,53.74,51.8,0.0,0.6,125.21,0.0,A,1000,0.0,-17.67,defense,False
2024-02-01,0.8485,53.48,75.87,60.28,0.0,0.75,163.72,0.0,A,1000,0.0,-15.38,defense,False
2024-02-02,-2.2293,28.28,58.08,53.74,1.3,0.75,133.75,173.87,A,1000,0.0,-16.78,defense,False
2024-02-05,-1.2356,35.73,65.31,56.64,1.3,0.75,146.84,190.89,A,825.96,173.87,-15.99,defense,False
2024-02-06,4.9198,100.0,100.0,66.67,1.0,1.0,255.0,255.0,D,634.88,385.66,-9.68,defense,False
2024-02-07,2.1685,88.91,88.91,64.01,1.0,1.0,181.55,181.55,A,379.62,649.69,-5.73,defense,False
2024-02-08,1.811,84.15,84.15,62.73,1.0,1.0,175.38,175.38,A,197.89,842.35,-4.89,defense,False
2024-02-19,1.9398,85.86,85.86,63.2,1.0,1.0,177.65,177.65,A,85.19,1007.82,-0.72,defense,False
2024-02-20,-0.2504,50.0,50.0,50.0,1.0,1.0,117.4,-280.5,A,85.19,1003.29,-1.12,defense,True
2024-02-21,-0.0893,50.0,50.0,50.0,0.7,1.0,117.4,82.18,A,365.41,708.28,-0.99,defense,True
2024-02-22,1.3625,58.63,58.63,53.97,0.7,0.75,134.78,94.34,A,283.14,802.2,3.57,defense,True
2024-02-23,0.2882,50.0,50.0,50.0,0.7,1.0,117.4,82.18,A,188.71,897.9,2.27,defense,True
2024-02-26,0.199,37.5,37.5,42.86,0.7,0.75,88.01,61.6,A,106.45,982.55,2.93,defense,True
2024-02-27,3.2096,100.0,100.0,66.67,1.0,1.0,285.0,285.0,D,89.28,1040.91,11.88,attack,False
2024-02-28,-2.9008,30.99,0.0,0.0,0.7,1.0,0.0,-280.5,none,56.48,1025.99,5.23,defense,True
2024-02-29,3.4581,75.0,75.0,60.0,0.7,0.75,203.65,142.56,A,336.7,773.74,10.09,attack,False
2024-03-01,1.9428,64.43,64.43,56.3,0.7,0.75,181.4,126.98,A,193.99,940.39,10.27,attack,True
2024-03-04,0.4352,50.0,50.0,50.0,0.7,1.0,145.11,101.58,A,66.89,1091.17,13.58,attack,True
2024-03-05,-0.3722,54.41,54.41,52.11,1.0,1.0882,157.02,157.02,A,57.89,1091.47,16.14,attack,True
2024-03-06,-0.462,55.0,55.0,52.38,1.0,1.1,158.56,158.56,A,57.89,1085.34,19.13,attack,True
2024-03-07,-1.6372,47.99,47.99,48.97,1.0,1.1,139.43,139.43,A,57.89,1065.95,20.07,attack,True
2024-03-08,1.781,92.12,92.12,64.82,1.0,1.1,233.65,233.65,A,56.19,1105.48,21.65,attack,True
2024-03-11,0.7768,70.36,70.36,58.46,1.0,1.0,194.28,194.28,A,56.19,1106.51,27.04,attack,True
2024-03-12,-0.1817,52.02,52.02,50.99,1.0,1.0405,150.68,150.68,A,56.19,1092.7,28.99,attack,True
2024-03-13,0.243,50.0,50.0,50.0,1.0,1.0,145.11,145.11,A,56.19,1095.26,20.94,attack,True
2024-03-14,-1.084,54.08,54.08,51.96,1.0,1.1,156.15,156.15,A,56.19,1090.66,15.49,attack,True
2024-03-15,0.403,55.0,55.0,52.38,1.0,1.1,158.56,158.56,A,56.19,1112.13,13.22,attack,True
2024-03-18,1.7063,82.75,82.75,62.34,1.0,1.0,218.06,218.06,A,56.19,1137.7,12.86,attack,True
2024-03-19,-0.5584,59.73,59.73,54.43,1.0,1.0976,170.4,170.4,A,56.19,1124.92,12.36,attack,True
2024-03-20,0.3665,51.72,36.2,31.16,1.0,1.0344,53.09,53.09,A,56.19,1126.96,13.09,attack,True
2024-03-21,-0.3364,54.65,38.25,32.35,1.0,1.0929,57.93,57.93,A,56.19,1124.92,10.4,attack,True
2024-03-22,-0.5438,60.02,42.01,34.43,1.0,1.1,57.16,57.16,A,56.19,1129.01,9.09,defense,True
2024-03-25,-1.9393,44.67,44.67,47.18,0.7,1.1,105.5,73.85,A,56.19,1096.79,5.77,defense,True
2024-03-26,-0.9133,55.95,55.95,52.81,0.7,1.1,129.63,90.74,A,56.19,1084.52,-0.19,defense,True
2024-03-27,-2.4361,26.73,48.99,49.49,0.7,0.75,115.22,80.65,A,56.19,1058.44,0.5,defense,True
2024-03-28,1.7197,91.22,91.22,64.59,0.7,1.1,184.41,129.08,A,56.19,1075.83,-1.87,defense,False
2024-03-29,-0.0424,55.0,55.0,52.38,1.0,1.1,127.74,127.74,A,56.19,1078.38,-4.58,defense,False
2024-04-01,1.6808,90.65,90.65,64.45,1.0,1.1,183.71,183.71,A,56.19,1102.42,-2.9,defense,False
2024-04-02,-1.2401,52.36,52.36,51.15,1.0,1.1,122.37,122.37,A,56.19,1082.48,-4.11,defense,True
2024-04-03,-1.0972,53.93,53.93,51.89,1.0,1.1,125.59,125.59,A,56.19,1066.62,-4.98,defense,False
2024-04-08,-1.1151,48.85,48.85,49.42,1.0,1.0,114.91,114.91,A,56.19,1063.56,-4.26,defense,False
2024-04-09,0.4447,55.0,55.0,52.38,1.0,1.1,127.74,127.74,A,56.19,1061.51,-6.04,defense,False
2024-04-10,-1.7467,42.53,42.53,45.97,0.7,1.0,100.47,70.33,A,56.19,1039.52,-9.39,defense,False
2024-04-11,0.0236,50.0,50.0,50.0,0.7,1.0,117.4,82.18,A,56.19,1040.04,-9.12,defense,False
2024-04-12,0.3413,50.0,35.0,30.43,0.7,1.0,44.42,31.09,A,56.19,1061.51,-8.99,defense,False
2024-04-15,0.7852,70.47,49.33,38.14,0.7,1.0,70.15,49.11,A,56.19,1070.2,-6.53,defense,False
2024-04-16,-1.9691,40.31,40.31,44.63,0.7,1.0,95.07,66.55,A,56.19,1042.59,-9.68,defense,False
2024-04-17,2.5726,103.73,72.61,47.58,0.7,1.1,107.15,75.0,A,56.19,1073.27,-8.58,defense,False
2024-04-18,-0.4362,50.0,35.0,30.43,0.7,1.0,44.42,31.09,A,56.19,1069.69,-8.42,defense,False
2024-04-19,-1.3663,46.34,32.44,28.85,0.7,1.0,39.81,27.87,A,56.19,1051.28,-10.68,defense,False
2024-04-22,-0.2532,50.0,35.0,30.43,0.0,1.0,44.42,0.0,A,56.19,1032.88,-10.57,defense,False
2024-04-23,-0.301,37.5,26.25,24.71,0.0,0.75,29.43,0.0,A,56.19,1037.48,-10.26,defense,False
2024-04-24,1.5478,80.64,56.45,41.37,1.0,1.0,82.22,82.22,A,56.19,1074.81,-5.66,defense,False
2024-04-25,-0.4023,50.0,35.0,30.43,1.0,1.0,44.42,44.42,A,56.19,1068.67,-4.96,defense,False
2024-04-26,2.1323,97.27,68.09,45.98,1.0,1.1,100.53,100.53,A,56.19,1106.0,1.46,defense,False
2024-04-29,2.0367,95.55,66.88,45.53,1.0,1.0963,98.72,98.72,A,56.19,1123.38,1.91,defense,True
2024-04-30,-0.5711,59.72,41.8,34.32,1.0,1.1,56.78,56.78,A,56.19,1117.25,1.14,defense,True
2024-05-06,0.6878,69.17,48.42,37.7,1.0,1.0,68.57,68.57,A,56.19,1122.36,-0.26,defense,True
2024-05-07,-0.3463,55.0,38.5,32.49,1.0,1.1,50.78,50.78,A,56.19,1112.13,1.04,defense,True
2024-05-08,-1.2066,52.73,36.91,31.57,1.0,1.1,47.89,47.89,A,56.19,1098.84,0.88,defense,True
2024-05-09,1.0541,81.46,57.02,41.62,1.0,1.1,83.17,83.17,A,56.19,1099.86,4.05,defense,False
2024-05-10,-0.7571,52.43,36.7,31.45,1.0,1.0,47.51,47.51,A,56.19,1088.1,2.28,defense,False
2024-05-13,-0.2983,50.0,35.0,30.43,1.0,1.0,44.42,44.42,A,56.19,1093.21,4.45,defense,False
2024-05-14,0.1004,55.0,38.5,32.49,1.0,1.1,50.78,50.78,A,56.19,1090.15,4.56,defense,False
2024-05-15,-0.7553,39.33,27.53,25.61,1.0,0.75,31.43,31.43,A,56.19,1084.01,2.93,defense,False
2024-05-16,0.2894,50.0,35.0,30.43,1.0,1.0,44.42,44.42,A,56.19,1092.19,2.21,defense,False
2024-05-17,0.6126,68.17,47.72,37.36,1.0,1.0,67.34,67.34,A,56.19,1095.26,6.09,defense,False
2024-05-20,0.3611,55.0,38.5,32.49,1.0,1.1,50.78,50.78,A,56.19,1106.51,2.86,defense,False
2024-05-21,-0.3421,50.0,35.0,30.43,1.0,1.0,44.42,44.42,A,56.19,1107.53,3.0,defense,False
2024-05-22,0.2029,50.0,35.0,30.43,1.0,1.0,44.42,44.42,A,56.19,1099.86,5.35,defense,False
2024-05-23,-1.1021,48.98,34.29,30.0,1.0,1.0,43.13,43.13,A,56.19,1093.21,4.07,defense,False
2024-05-24,-1.6312,43.69,30.58,27.66,0.7,1.0,36.55,25.58,A,56.19,1069.69,2.08,defense,False
2024-05-27,1.4462,79.28,55.5,40.96,0.7,1.0,80.65,56.46,A,56.19,1088.1,1.94,defense,False
2024-05-28,-0.8842,51.16,51.16,50.57,0.7,1.0,119.86,83.9,A,56.19,1071.23,1.23,defense,False
2024-05-29,-0.0714,50.0,35.0,30.43,0.7,1.0,44.42,31.09,A,56.19,1068.67,-1.86,defense,False
2024-05-30,0.617,51.17,51.17,50.58,0.0,0.75,119.88,0.0,A,56.19,1073.78,-3.8,defense,False
2024-05-31,-0.0989,37.5,37.5,42.86,0.0,0.75,88.01,0.0,A,56.19,1069.18,-3.14,defense,False
2024-06-03,0.5537,50.54,50.54,50.27,1.0,0.75,118.54,118.54,A,56.19,1100.88,-3.33,defense,False
2024-06-04,0.2337,50.0,50.0,50.0,1.0,1.0,117.4,117.4,A,56.19,1108.04,-2.52,defense,False
2024-06-05,-0.1222,50.0,50.0,50.0,1.0,1.0,117.4,117.4,A,56.19,1096.28,-0.98,defense,True
2024-06-06,-0.1754,50.0,50.0,50.0,1.0,1.0,117.4,117.4,A,56.19,1108.04,-2.7,defense,True
2024-06-07,-0.7427,52.57,52.57,51.25,1.0,1.0,122.81,122.81,A,56.19,1088.1,-2.68,defense,True
2024-06-11,1.449,79.32,79.32,61.34,1.0,1.0,168.74,168.74,A,56.19,1098.84,-0.24,defense,False
2024-06-12,0.2212,55.0,55.0,52.38,1.0,1.1,127.74,127.74,A,56.19,1104.46,-0.06,defense,False
2024-06-13,0.4564,55.0,55.0,52.38,1.0,1.1,127.74,127.74,A,56.19,1126.96,1.68,defense,False
2024-06-14,0.6132,68.18,68.18,57.69,1.0,1.0,151.66,151.66,A,56.19,1163.78,2.15,defense,True
2024-06-17,0.8337,71.12,71.12,58.72,1.0,1.0,156.43,156.43,A,56.19,1183.72,2.47,defense,True
2024-06-18,0.409,50.0,50.0,50.0,1.0,1.0,117.4,117.4,A,56.19,1197.01,2.54,defense,True
2024-06-19,-0.4329,55.0,55.0,52.38,1.0,1.1,127.74,127.74,A,56.19,1192.41,2.41,defense,True
2024-06-20,-0.8232,56.95,56.95,53.25,1.0,1.1,131.56,131.56,A,56.19,1182.69,0.91,defense,True
2024-06-21,0.2616,55.0,55.0,52.38,1.0,1.1,127.74,127.74,A,56.19,1186.27,2.91,defense,True
2024-06-24,-1.8098,46.09,46.09,47.97,1.0,1.1,108.77,108.77,A,56.19,1168.38,2.64,defense,True
2024-06-25,-1.9917,40.08,40.08,44.5,0.7,1.0,94.51,66.16,A,56.19,1140.77,-2.3,defense,True
2024-06-26,2.2383,98.83,98.83,66.4,0.7,1.1,193.27,135.29,A,56.19,1166.33,2.12,defense,False
2024-06-27,-0.8695,51.3,35.91,30.98,0.7,1.0,46.08,32.25,A,56.19,1154.06,0.95,defense,False
2024-06-28,0.4689,50.0,50.0,50.0,0.7,1.0,117.4,82.18,A,56.19,1172.98,0.74,defense,False
2024-07-01,-0.028,50.0,50.0,50.0,1.0,1.0,117.4,117.4,A,56.19,1189.34,0.84,defense,True
2024-07-02,-0.7363,52.64,52.64,51.28,1.0,1.0,122.94,122.94,A,56.19,1176.05,-1.0,defense,True
2024-07-03,-0.0292,50.0,50.0,50.0,1.0,1.0,117.4,117.4,A,56.19,1170.93,-1.37,defense,True
2024-07-04,-0.9794,50.21,50.21,50.1,1.0,1.0,117.84,117.84,A,56.19,1172.98,-2.58,defense,False
2024-07-05,0.1657,50.0,50.0,50.0,1.0,1.0,117.4,117.4,A,56.19,1173.49,-2.11,defense,False
2024-07-08,-0.5535,54.47,54.47,52.14,1.0,1.0,126.67,126.67,A,56.19,1180.65,-1.84,defense,False
2024-07-09,2.6039,104.19,72.93,47.69,1.0,1.1,107.61,107.61,A,56.19,1227.69,-0.25,defense,False
2024-07-10,0.3228,55.0,38.5,32.49,1.0,1.1,50.78,50.78,A,56.19,1244.05,-0.11,defense,True
2024-07-11,0.9694,80.22,56.15,41.24,1.0,1.1,81.74,81.74,A,56.19,1252.24,0.62,defense,True
2024-07-12,-0.5216,60.26,42.18,34.52,1.0,1.1,57.47,57.47,A,56.19,1237.92,-1.0,defense,True
2024-07-15,-0.3951,55.0,38.5,32.49,1.0,1.1,50.78,50.78,A,56.19,1233.32,-2.72,defense,True
2024-07-16,1.798,88.46,61.92,43.63,1.0,1.0535,91.06,91.06,A,56.19,1256.33,-0.8,defense,True
2024-07-17,-1.1834,52.98,37.09,31.68,0.7,1.1,48.21,33.75,A,56.19,1214.91,-1.87,defense,True
2024-07-18,-0.1969,50.0,35.0,30.43,0.7,1.0,44.42,31.09,A,56.19,1210.82,-0.98,defense,True
2024-07-19,0.9184,66.9,46.83,36.92,0.7,0.9261,65.78,46.04,A,56.19,1200.08,-0.05,defense,False
2024-07-22,0.1943,43.01,30.11,27.35,0.7,0.8603,35.73,25.01,A,56.19,1194.97,2.88,defense,False
2024-07-23,-2.5987,20.41,14.29,15.15,0.7,0.6,0.0,0.0,none,56.19,1161.22,1.97,defense,False
2024-07-24,-0.8436,30.94,21.66,21.3,0.7,0.6,0.0,0.0,none,56.19,1151.5,-2.38,defense,False
2024-07-25,-0.5062,32.96,32.96,39.73,0.7,0.6,76.02,53.21,A,56.19,1122.36,-1.87,defense,False
2024-07-26,0.5925,40.74,40.74,44.9,0.7,0.6,96.13,67.29,A,56.19,1126.96,-1.7,defense,False
2024-07-29,-0.4387,30.0,30.0,37.5,0.0,0.6,67.83,0.0,A,56.19,1133.61,-2.28,defense,False
2024-07-30,0.0939,30.0,30.0,37.5,0.0,0.6,67.83,0.0,A,56.19,1122.87,-1.11,defense,False
2024-07-31,2.4807,81.17,81.17,61.88,0.0,0.872,171.33,0.0,A,56.19,1141.79,2.44,defense,False
2024-08-01,-0.0285,43.96,30.77,27.78,0.0,0.8791,36.87,0.0,A,56.19,1148.44,3.85,defense,False
2024-08-02,-1.6855,25.89,25.89,34.11,0.0,0.6,56.08,0.0,A,56.19,1107.53,1.11,defense,False
2024-08-05,-2.7934,19.24,40.5,44.75,0.0,0.6,95.55,0.0,A,56.19,1055.38,-2.15,defense,False
2024-08-06,0.7518,42.01,42.01,45.66,0.0,0.6,99.23,0.0,A,56.19,1071.23,-4.64,defense,False
2024-08-07,-0.5401,32.76,32.76,39.58,0.0,0.6,75.46,0.0,A,56.19,1068.16,-5.81,defense,False
2024-08-08,-0.0104,30.0,30.0,37.5,0.0,0.6,67.83,0.0,A,56.19,1064.58,-7.11,defense,False
2024-08-09,-0.2839,30.0,30.0,37.5,0.0,0.6,67.83,0.0,A,56.19,1074.29,-6.8,defense,False
2024-08-12,-0.4129,30.0,33.1,39.83,0.0,0.6,76.38,0.0,A,56.19,1075.32,-6.82,defense,False
2024-08-13,0.4984,30.0,30.0,37.5,0.0,0.6,67.83,0.0,A,56.19,1085.54,-8.51,defense,False
2024-08-14,-0.6215,32.27,32.27,39.23,0.0,0.6,74.13,0.0,A,56.19,1079.41,-7.76,defense,False
2024-08-15,0.4011,30.0,30.0,37.5,0.0,0.6,67.83,0.0,A,56.19,1076.85,-6.97,defense,False
2024-08-16,-0.0694,30.0,30.0,37.5,0.0,0.6,67.83,0.0,A,56.19,1087.08,-8.27,defense,False
2024-08-19,0.1836,30.0,30.0,37.5,0.0,0.6,67.83,0.0,A,56.19,1088.61,-8.28,defense,False
2024-08-20,-1.0629,29.62,29.62,37.2,0.0,0.6,66.77,0.0,A,56.19,1081.96,-6.19,defense,False
2024-08-21,-0.0978,30.0,30.0,37.5,0.0,0.6,67.83,0.0,A,56.19,1086.57,-5.18,defense,False
2024-08-22,-0.9836,30.1,30.1,37.58,1.0,0.6,68.11,68.11,A,56.19,1086.05,-5.83,defense,False
2024-08-23,0.0407,30.0,30.0,37.5,1.0,0.6,67.83,67.83,A,56.19,1079.41,-6.57,defense,False
2024-08-26,-0.1936,30.0,30.0,37.5,0.0,0.6,67.83,0.0,A,56.19,1067.65,-6.24,defense,False
2024-08-27,-1.0862,29.48,29.48,37.09,0.0,0.6,66.38,0.0,A,56.19,1055.38,-7.82,defense,False
2024-08-28,0.085,30.0,30.0,37.5,0.8,0.6,67.83,54.27,A,56.19,1055.38,-10.86,defense,False
2024-08-29,0.8481,42.78,42.78,46.11,0.8,0.6,101.08,80.86,A,56.19,1044.64,-9.75,defense,False
2024-08-30,2.2635,54.11,54.11,51.97,0.8,0.6,125.95,100.76,A,56.19,1072.25,-4.53,defense,False
2024-09-02,-2.2676,22.39,22.39,30.93,0.8,0.6,45.93,36.74,A,56.19,1046.68,-3.78,defense,False
2024-09-03,0.7281,41.82,41.82,45.55,1.0,0.6,98.77,98.77,A,56.19,1053.33,-3.81,defense,False
2024-09-04,-0.5616,32.63,32.63,39.49,1.0,0.6,75.11,75.11,A,56.19,1040.55,-3.84,defense,False
2024-09-05,0.3228,30.0,30.0,37.5,1.0,0.6,67.83,67.83,A,56.19,1041.57,-3.39,defense,False
2024-09-06,-1.2187,28.69,28.69,36.46,0.0,0.6,64.13,0.0,A,56.19,1021.12,-4.68,defense,False
2024-09-09,-0.4073,30.0,30.0,37.5,0.0,0.6,67.83,0.0,A,56.19,1018.05,-4.67,defense,False
2024-09-10,0.8652,42.92,42.92,46.19,0.0,0.6,101.4,0.0,A,56.19,1030.83,-4.18,defense,False
2024-09-11,-0.0284,30.0,30.0,37.5,0.0,0.6,67.83,0.0,A,56.19,1032.37,-3.36,defense,False
2024-09-12,-0.7005,31.8,31.8,38.87,0.0,0.6,72.83,0.0,A,56.19,1028.27,-4.87,defense,False
2024-09-13,-0.2994,30.0,30.0,37.5,0.0,0.6,67.83,0.0,A,56.19,1038.5,-5.18,defense,False
2024-09-18,-0.6061,32.36,32.36,39.29,0.0,0.6,74.39,0.0,A,56.19,1029.81,-6.25,defense,False
2024-09-19,0.6571,41.26,41.26,45.21,0.0,0.6,97.39,0.0,A,56.19,1023.67,-3.91,defense,False
2024-09-20,0.0411,30.0,30.0,37.5,0.0,0.6,67.83,0.0,A,56.19,1024.18,-3.72,defense,False
2024-09-23,-0.3166,30.0,30.0,37.5,0.0,0.6,67.83,0.0,A,56.19,1018.05,-2.79,defense,False
2024-09-24,2.8265,58.61,58.61,53.96,0.0,0.6,134.75,0.0,A,56.19,1065.6,1.08,defense,False
2024-09-25,0.4218,30.0,30.0,37.5,0.0,0.6,67.83,-280.5,A,56.19,1066.11,1.97,defense,True
2024-09-26,2.6292,57.03,57.03,53.29,0.0,0.6,131.73,0.0,A,336.41,808.97,7.47,defense,True
2024-09-27,4.7234,70.0,49.0,37.98,0.0,0.7,285.0,0.0,D,336.41,848.16,14.58,attack,True
2024-09-30,8.9247,70.0,49.0,37.98,1.0,0.7,-142.5,-142.5,D_stop,336.41,937.08,27.64,attack,True
2024-10-08,8.7497,70.0,49.0,37.98,1.0,0.7,-142.5,-142.5,D_stop,478.77,881.49,39.1,attack,True
2024-10-09,-2.7374,22.84,0.0,0.0,0.7,0.7,-142.5,-332.5,D_stop,621.12,695.6,38.13,attack,True
2024-10-10,-2.5116,24.42,0.0,0.0,0.7,0.7,-142.5,-313.5,D_stop,953.29,358.06,31.81,attack,True
2024-10-11,-3.7291,22.15,15.5,16.23,0.7,0.7383,-142.5,-142.5,D_stop,1266.48,43.26,25.79,attack,True
2024-10-14,2.4871,65.21,45.65,36.33,0.7,0.7,-142.5,-142.5,D_stop,1309.69,0.0,29.66,attack,True
2024-10-15,-1.4467,32.68,22.88,22.24,0.7,0.7178,-142.5,-142.5,D_stop,1309.69,0.0,29.23,attack,True
2024-10-16,-1.3267,35.18,24.62,23.54,0.7,0.7527,-142.5,-142.5,D_stop,1309.69,0.0,27.53,attack,True
2024-10-17,0.5549,49.9,34.93,30.39,0.7,0.7404,-142.5,-142.5,D_stop,1309.69,0.0,26.97,attack,True
2024-10-18,5.0911,70.0,49.0,37.98,0.7,0.7,285.0,199.5,D,1309.69,0.0,36.26,attack,True
2024-10-21,1.3901,54.97,38.48,32.48,1.0,0.7,-142.5,-142.5,D_stop,1109.99,200.72,40.37,attack,True
2024-10-22,-0.4278,35.0,24.5,23.44,1.0,0.7,-142.5,-313.5,D_stop,1252.35,58.36,40.11,attack,True
2024-10-23,-0.7361,36.85,25.79,24.38,1.0,0.7,-142.5,-142.5,D_stop,1310.65,0.0,39.85,attack,True
2024-10-24,-0.4208,35.0,24.5,23.44,1.0,0.7,-142.5,-142.5,D_stop,1310.65,0.0,37.71,attack,True
2024-10-25,0.7254,48.77,34.14,29.91,1.0,0.7,-142.5,-142.5,D_stop,1310.65,0.0,39.06,attack,True
2024-10-28,0.1008,35.0,24.5,23.44,1.0,0.7,-142.5,-142.5,D_stop,1310.65,0.0,39.89,attack,True
2024-10-29,-0.0377,35.0,24.5,23.44,0.0,0.7,-142.5,-142.5,D_stop,1310.65,0.0,34.39,attack,True
2024-10-30,-0.1556,35.0,24.5,23.44,1.0,0.7,-142.5,-142.5,D_stop,1310.65,0.0,33.29,attack,True
2024-10-31,0.7924,49.4,34.58,30.18,0.0,0.7,-142.5,-142.5,D_stop,1310.65,0.0,29.92,attack,True
2024-11-01,-2.1803,26.74,0.0,0.0,0.0,0.7,-142.5,-332.5,D_stop,1310.65,0.0,17.91,attack,True
2024-11-04,1.2476,47.97,33.58,29.56,0.0,0.626,41.86,0.0,A,1310.65,0.0,6.44,defense,True
2024-11-05,3.1724,60.0,42.0,34.43,0.0,0.6,255.0,0.0,D,1310.65,0.0,-1.09,defense,True
2024-11-06,0.4856,30.0,21.0,20.79,0.0,0.6,-127.5,-127.5,D_stop,1310.65,0.0,3.65,defense,True
2024-11-07,1.8137,58.93,41.25,34.02,0.0,0.7,-127.5,-127.5,D_stop,1310.65,0.0,10.29,attack,True
2024-11-08,0.3169,35.0,24.5,23.44,0.0,0.7,-127.5,-127.5,D_stop,1310.65,0.0,17.02,attack,True
2024-11-11,3.4573,70.0,49.0,37.98,0.0,0.7,-127.5,-127.5,D_stop,1310.65,0.0,18.59,attack,True
2024-11-12,-1.0407,34.72,24.3,23.3,0.0,0.7,-127.5,-127.5,D_stop,1310.65,0.0,19.29,attack,True
2024-11-13,0.7225,48.74,34.12,29.9,0.0,0.7,-127.5,-127.5,D_stop,1310.65,0.0,22.85,attack,True
2024-11-14,-2.7611,22.67,15.87,16.55,0.0,0.7,-127.5,-127.5,D_stop,1310.65,0.0,17.08,attack,True
2024-11-15,-2.2465,24.93,17.45,17.91,0.0,0.6642,-127.5,-127.5,D_stop,1310.65,0.0,5.64,defense,True
2024-11-18,-2.5119,25.85,34.4,30.07,0.0,0.7411,-127.5,-127.5,D_stop,1310.65,0.0,-0.14,defense,False
2024-11-19,1.8447,58.56,40.99,33.88,0.0,0.6922,-127.5,-127.5,D_stop,1310.65,0.0,3.12,defense,False
2024-11-20,0.4829,34.07,23.85,22.96,0.0,0.6813,26.16,0.0,A,1310.65,0.0,4.94,defense,False
2024-11-21,0.1246,34.06,23.84,22.96,0.0,0.6812,26.15,0.0,A,1310.65,0.0,5.76,defense,False
2024-11-22,-2.6414,25.82,34.12,29.9,0.0,0.7687,42.83,0.0,A,1310.65,0.0,0.73,defense,False
2024-11-25,-0.6584,42.43,45.94,36.48,0.0,0.7943,64.2,0.0,A,1310.65,0.0,-0.36,defense,False
2024-11-26,-0.5411,44.59,48.82,37.9,0.0,0.8169,69.26,0.0,A,1310.65,0.0,-1.08,defense,False
2024-11-27,2.2526,67.7,47.39,37.2,0.0,0.7519,66.76,0.0,A,1310.65,0.0,2.33,defense,False
2024-11-28,-0.5036,42.57,32.44,28.85,0.0,0.7745,39.83,0.0,A,1310.65,0.0,0.46,defense,False
2024-11-29,1.4726,58.2,40.74,33.74,0.0,0.7309,54.86,0.0,A,1310.65,0.0,5.87,defense,False
2024-12-02,0.8115,50.12,35.08,30.48,0.0,0.7077,44.57,0.0,A,1310.65,0.0,5.22,defense,False
2024-12-03,-0.8131,38.52,26.97,25.21,0.0,0.7427,30.53,0.0,A,1310.65,0.0,-0.51,defense,True
2024-12-04,-0.474,38.33,26.83,25.12,0.0,0.7667,30.32,0.0,A,1310.65,0.0,-1.87,defense,False
2024-12-05,0.3574,37.99,26.59,24.95,0.0,0.7598,29.95,0.0,A,1310.65,0.0,-3.86,defense,False
2024-12-06,1.0119,53.44,37.41,31.86,0.0,0.7271,48.79,0.0,A,1310.65,0.0,-2.91,defense,False
2024-12-09,-0.6353,40.36,28.25,26.1,0.0,0.7524,32.6,0.0,A,1310.65,0.0,-8.32,defense,False
2024-12-10,0.5757,49.77,34.84,30.34,0.0,0.7354,44.12,0.0,A,1310.65,0.0,-6.17,defense,False
2024-12-11,0.4652,30.99,21.69,21.33,0.0,0.6198,0.0,0.0,none,1310.65,0.0,-6.51,defense,False
2024-12-12,0.324,30.0,21.0,21.17,0.0,0.6,0.0,0.0,none,1310.65,0.0,-2.22,defense,True
2024-12-13,-0.9793,30.12,21.09,21.18,1.0,0.6,0.0,0.0,none,1310.65,0.0,-0.39,defense,False
2024-12-16,-0.9996,34.23,23.96,23.05,1.0,0.6846,26.29,26.29,A,1310.65,0.0,1.84,defense,False
2024-12-17,-0.3312,36.47,25.53,24.77,1.0,0.7294,29.56,29.56,A,1284.33,26.4,-1.24,defense,False
2024-12-18,1.0183,47.17,33.02,29.36,1.0,0.6411,41.27,41.27,A,1254.74,56.3,-0.49,defense,False
2024-12-19,1.7285,49.83,34.88,30.36,1.0,0.6,44.2,44.2,A,1213.43,99.51,1.78,defense,False
2024-12-20,0.6693,41.35,28.95,26.57,1.0,0.6,33.76,-280.5,A,1169.19,145.37,6.79,defense,True
2024-12-23,-1.3728,30.24,21.17,20.92,1.0,0.6535,0.0,0.0,none,1314.42,0.0,5.69,defense,True
2024-12-24,0.7092,41.67,29.17,26.72,1.0,0.6,34.13,34.13,A,1314.42,0.0,7.59,defense,True
2024-12-25,-0.4246,32.26,22.58,22.01,1.0,0.6452,25.0,25.0,A,1280.25,34.12,3.6,defense,True
2024-12-26,1.6562,49.25,34.47,30.12,1.0,0.6,43.47,43.47,A,1255.23,61.0,6.82,defense,False
2024-12-27,-0.8309,31.66,22.16,21.69,1.0,0.6125,0.0,0.0,none,1211.71,103.33,3.38,defense,True
2024-12-30,-0.1748,32.07,22.45,21.91,1.0,0.6415,0.0,0.0,none,1211.71,102.84,1.94,defense,False
2024-12-31,-2.485,34.54,34.54,40.86,0.7,0.9828,80.28,56.19,A,1211.71,100.0,-0.52,defense,True
2025-01-02,-2.7083,19.75,41.24,45.2,0.7,0.6,97.36,68.15,A,1155.47,151.76,-3.72,defense,False
2025-01-03,-1.7966,25.22,36.65,31.42,0.7,0.6,47.42,33.2,A,1087.25,215.79,-6.67,defense,False
2025-01-06,-0.4126,30.0,38.88,32.71,0.7,0.6,51.48,36.04,A,1054.02,247.71,-8.54,defense,False
2025-01-07,2.1636,53.31,37.32,31.81,1.0,0.6,48.63,48.63,A,1017.94,294.96,-4.85,defense,False
2025-01-08,-0.2378,30.0,21.0,20.79,1.0,0.6,0.0,0.0,none,969.26,343.59,-5.95,defense,False
2025-01-09,0.4391,30.0,21.0,20.79,1.0,0.6,0.0,0.0,none,969.26,344.78,-5.98,defense,False
2025-01-10,-1.4173,27.5,19.25,19.39,1.0,0.6,0.0,0.0,none,969.26,338.97,-8.31,defense,False
2025-01-13,-0.3095,30.0,30.0,37.5,1.0,0.6,67.83,67.83,A,969.26,335.67,-7.42,defense,False
2025-01-14,3.1828,60.0,42.0,34.43,1.0,0.6,57.14,57.14,A,901.36,418.09,-1.81,defense,False
2025-01-15,-0.8569,30.86,21.6,21.26,1.0,0.6,0.0,0.0,none,844.17,468.56,-2.55,defense,False
2025-01-16,0.1928,30.0,21.0,20.79,1.0,0.6,0.0,0.0,none,844.17,467.48,-3.68,defense,False
2025-01-17,1.0848,44.68,31.28,28.11,1.0,0.6,37.76,37.76,A,844.17,474.33,-4.55,defense,False
2025-01-20,0.4771,30.0,21.0,20.79,1.0,0.6,0.0,-280.5,none,806.37,522.6,-4.81,defense,True
2025-01-21,1.0715,69.31,48.52,37.75,1.0,0.9331,68.74,68.74,A,1086.59,247.14,-1.42,defense,True
2025-01-22,0.3676,44.26,30.98,27.92,1.0,0.8852,37.25,37.25,A,1017.78,320.84,-1.89,defense,True
2025-01-23,-0.7278,52.72,36.91,31.57,1.0,1.0,47.88,47.88,A,980.49,352.69,-2.32,defense,True
2025-01-24,1.4741,79.66,55.76,41.07,1.0,1.0,81.09,81.09,A,932.56,407.87,-2.57,defense,True
2025-01-27,-1.6095,32.93,23.05,22.37,0.7,0.75,25.33,17.73,A,851.39,472.5,-3.66,defense,True
2025-02-05,1.1837,51.39,35.98,31.02,0.7,0.6782,46.19,32.33,A,833.65,479.7,-1.79,defense,False
2025-02-06,2.4003,55.2,38.64,32.57,0.7,0.6,51.04,35.73,A,801.28,527.34,5.32,defense,False
2025-02-07,0.9479,50.85,35.59,30.79,0.7,0.7,51.64,36.15,A,765.52,565.97,11.04,attack,False
2025-02-10,1.0577,51.87,36.31,31.22,0.0,0.7,53.34,0.0,A,729.33,606.53,15.69,attack,False
2025-02-11,-0.2721,35.0,24.5,23.44,0.0,0.7,27.55,0.0,A,729.33,607.85,15.92,attack,False
2025-02-12,2.0789,61.4,42.98,34.95,0.0,0.7,69.08,-313.5,A,729.33,618.2,15.78,attack,True
2025-02-13,-1.2147,33.5,23.45,22.67,0.0,0.7,25.93,0.0,A,1042.52,297.21,14.16,attack,True
2025-02-14,1.3589,54.68,38.28,32.36,0.0,0.7,57.99,0.0,A,1042.52,299.81,15.65,attack,False
2025-02-17,0.5721,47.34,33.14,29.29,0.0,0.7,45.88,0.0,A,1042.52,307.52,19.01,attack,False
2025-02-18,-1.9114,28.62,20.03,20.03,0.0,0.7,0.0,0.0,none,1042.52,301.12,16.27,attack,True
2025-02-19,1.7772,58.59,41.01,33.89,0.0,0.7,64.45,0.0,A,1042.52,307.2,14.04,attack,False
2025-02-20,-0.0191,35.0,24.5,23.44,0.0,0.7,27.55,-313.5,A,1042.52,308.06,15.42,attack,True
2025-02-21,2.8043,68.17,47.72,37.36,1.0,0.7,80.05,80.05,A,1350.27,0.0,19.72,attack,True
2025-02-24,-0.3818,35.0,24.5,23.44,0.0,0.7,27.55,0.0,A,1270.14,79.13,17.25,attack,True
2025-02-25,-0.8769,35.86,25.1,23.88,0.0,0.7,28.6,0.0,A,1270.14,78.48,14.99,attack,True
2025-02-26,0.5392,47.03,32.92,29.16,0.0,0.7,45.38,0.0,A,1270.14,78.78,14.13,attack,True
2025-02-27,-1.1969,33.62,23.54,22.73,0.0,0.7,26.05,0.0,A,1270.14,77.7,11.59,attack,True
2025-02-28,-3.1951,24.44,17.11,17.62,0.0,0.8146,0.0,0.0,none,1270.14,73.72,7.62,defense,True
2025-03-03,-0.285,41.76,29.23,26.76,0.0,0.8351,34.23,0.0,A,1270.14,72.45,4.97,defense,False
2025-03-04,0.9465,56.85,39.79,33.22,0.0,0.7828,53.13,0.0,A,1270.14,73.53,8.89,defense,False
2025-03-05,0.4611,37.89,26.52,24.9,0.0,0.7578,29.85,0.0,A,1270.14,74.31,7.79,defense,False
2025-03-06,1.9233,55.05,38.54,32.51,0.0,0.6428,50.85,0.0,A,1270.14,76.64,7.08,defense,False
2025-03-07,-0.7631,36.37,25.46,24.14,0.0,0.6945,28.27,0.0,A,1270.14,76.1,4.5,defense,False
2025-03-10,-0.4604,36.36,27.87,25.84,1.0,0.7272,31.97,31.97,A,1270.14,75.69,2.26,defense,True
2025-03-11,-0.2453,37.3,27.4,25.51,0.0,0.746,31.21,0.0,A,1238.14,107.09,2.3,defense,True
2025-03-12,-0.0228,37.54,26.28,24.73,0.0,0.7508,29.47,0.0,A,1238.14,107.28,-0.68,defense,True
2025-03-13,-1.3941,27.64,19.34,19.47,0.7,0.6,0.0,0.0,none,1238.14,104.55,-0.94,defense,False
2025-03-14,1.6665,60.86,42.6,34.75,0.7,0.7402,58.22,40.76,A,1238.14,106.43,-0.51,defense,False
2025-03-17,-0.0578,37.35,26.45,24.84,0.7,0.7469,29.73,20.81,A,1197.34,147.14,-1.4,defense,False
2025-03-18,0.5115,47.79,33.45,29.49,0.7,0.7152,41.63,29.14,A,1176.51,168.62,2.11,defense,False
2025-03-19,-1.3555,37.81,26.47,24.86,0.0,0.8141,29.76,0.0,A,1147.34,193.7,-2.35,defense,False
2025-03-20,-0.7121,45.91,35.88,30.96,0.0,0.8683,46.01,0.0,A,1147.34,191.99,-3.32,defense,False
2025-03-21,-1.4363,44.27,30.99,27.92,0.0,0.97,37.25,0.0,A,1147.34,187.21,-8.95,defense,False
2025-03-24,0.2781,47.46,33.22,29.34,0.0,0.9492,41.21,0.0,A,1147.34,188.0,-8.08,defense,False
2025-03-25,-1.2092,28.74,26.47,24.86,0.0,0.6,29.76,0.0,A,1147.34,185.01,-8.53,defense,False
2025-03-26,-0.0685,30.0,21.36,21.07,0.0,0.6,0.0,0.0,none,1147.34,185.79,-9.31,defense,False
2025-03-27,0.1365,30.0,21.0,20.79,0.0,0.6,0.0,0.0,none,1147.34,185.58,-7.56,defense,False
2025-03-28,-0.4257,30.0,23.24,22.51,0.0,0.6,25.5,0.0,A,1147.34,183.8,-3.72,defense,False
2025-03-31,-0.259,30.0,30.0,37.5,0.0,0.6,67.83,0.0,A,1147.34,183.51,-3.69,defense,False
2025-04-01,-0.2597,30.0,22.36,21.85,0.0,0.6,0.0,0.0,none,1147.34,183.15,-5.33,defense,False
2025-04-02,0.3087,30.0,21.0,20.79,0.0,0.6,0.0,0.0,none,1147.34,183.3,-5.53,defense,False
2025-04-03,-1.4795,27.12,18.99,19.18,0.0,0.6,0.0,0.0,none,1147.34,178.88,-10.0,defense,False
2025-04-07,-7.1967,18.0,0.0,0.0,0.0,0.6,0.0,-297.5,none,1147.34,163.56,-18.36,defense,False
2025-04-08,-0.602,32.39,82.45,62.25,0.0,0.6,173.09,0.0,A,1310.74,0.0,-18.53,defense,False
2025-04-09,2.0368,52.29,61.25,43.36,0.0,0.6,90.0,0.0,A,1310.74,0.0,-15.86,defense,False
2025-04-10,1.675,49.4,49.05,38.01,0.0,0.6,69.67,0.0,A,1310.74,0.0,-13.82,defense,False
2025-04-11,1.5816,48.65,34.06,29.86,0.0,0.6,42.72,0.0,A,1310.74,0.0,-10.08,defense,False
2025-04-14,0.2123,30.0,21.0,20.79,0.0,0.6,0.0,0.0,none,1310.74,0.0,-11.91,defense,False
2025-04-15,-0.5808,32.52,22.76,22.15,0.0,0.6,25.1,0.0,A,1310.74,0.0,-12.57,defense,False
2025-04-16,-0.4805,30.0,21.0,20.79,0.0,0.6,0.0,0.0,none,1310.74,0.0,-13.8,defense,False
2025-04-17,0.0545,30.0,30.0,37.5,0.0,0.6,67.83,0.0,A,1310.74,0.0,-12.03,defense,False
2025-04-18,0.2233,30.0,21.0,20.79,0.0,0.6,0.0,0.0,none,1310.74,0.0,-10.84,defense,False
2025-04-21,1.1935,45.55,31.88,28.5,0.0,0.6,38.83,0.0,A,1310.74,0.0,-7.42,defense,False
2025-04-22,-0.8896,30.66,30.66,38.01,0.0,0.6,69.69,0.0,A,1310.74,0.0,-8.96,defense,False
2025-04-23,0.4845,30.0,30.0,37.5,0.0,0.6,67.83,0.0,A,1310.74,0.0,-6.72,defense,False
2025-04-24,-1.3057,28.17,28.17,36.03,0.0,0.6,62.64,0.0,A,1310.74,0.0,-8.37,defense,False
2025-04-25,0.5891,40.71,40.71,44.88,0.0,0.6,96.07,0.0,A,1310.74,0.0,-7.78,defense,False
2025-04-28,-0.5009,32.99,36.75,42.36,1.0,0.6,86.08,86.08,A,1310.74,0.0,-7.88,defense,False
2025-04-29,0.1846,30.0,30.0,37.5,1.0,0.6,67.83,67.83,A,1224.58,86.57,-7.29,defense,False
2025-04-30,0.8855,43.08,43.08,46.29,1.0,0.6,101.79,101.79,A,1156.68,156.54,-5.77,defense,False
2025-05-06,1.8177,50.54,50.54,50.27,1.0,0.6,118.55,118.55,A,1054.79,263.93,-3.74,defense,False
2025-05-07,-0.321,30.0,30.0,37.5,1.0,0.6,67.83,67.83,A,936.12,379.47,-2.12,defense,False
2025-05-08,0.535,40.28,40.28,44.62,1.0,0.6,95.0,95.0,A,868.22,449.08,9.93,defense,False
2025-05-09,-1.234,28.6,28.6,36.38,1.0,0.6,63.87,63.87,A,773.12,534.63,8.93,defense,False
2025-05-12,1.2155,45.72,45.72,47.77,1.0,0.6,107.93,107.93,A,709.19,605.95,7.69,defense,False
2025-05-13,-0.4791,30.0,30.0,37.5,1.0,0.6,67.83,67.83,A,601.15,709.92,4.45,defense,False
2025-05-14,0.3304,30.0,30.0,37.5,1.0,0.6,67.83,67.83,A,533.25,778.68,2.63,defense,False
2025-05-15,-1.5444,26.73,26.73,34.84,0.0,0.6,58.53,0.0,A,465.36,829.65,0.06,defense,False
2025-05-16,0.0431,30.0,30.0,37.5,1.0,0.6,67.83,67.83,A,465.36,835.72,0.96,defense,False
2025-05-19,-0.0868,30.0,30.0,37.5,1.0,0.6,67.83,67.83,A,397.46,901.73,1.53,defense,False
2025-05-20,0.3587,30.0,30.0,37.5,1.0,0.6,67.83,67.83,A,329.56,973.87,1.97,defense,False
2025-05-21,-0.3832,30.0,30.0,37.5,1.0,0.6,67.83,67.83,A,261.66,1033.73,1.09,defense,False
2025-05-22,-0.4005,30.0,30.0,37.5,1.0,0.6,67.83,67.83,A,194.24,1094.39,-1.17,defense,False
2025-05-23,-0.9938,30.04,30.04,37.53,0.0,0.6,67.94,0.0,A,194.24,1081.44,-1.32,defense,False
2025-05-24,0.6011,40.81,40.81,44.94,0.0,0.6,96.3,0.0,A,194.24,1081.44,-1.16,defense,False
2025-05-26,0.0012,30.0,30.0,37.5,0.0,0.6,67.83,0.0,A,194.24,1087.25,0.72,defense,False
2025-05-27,-0.6367,32.18,32.18,39.16,0.0,0.6,73.88,0.0,A,194.24,1071.62,-1.03,defense,False
2025-05-28,-0.239,30.0,30.0,37.5,0.0,0.6,67.83,0.0,A,194.24,1080.99,-0.65,defense,False
2025-05-29,1.5259,48.21,48.21,49.09,0.0,0.6,113.5,0.0,A,194.24,1099.75,1.25,defense,False
2025-05-30,-0.95,30.3,30.3,37.73,0.0,0.6,68.67,0.0,A,194.24,1084.12,-1.38,defense,False
2025-06-03,0.0801,30.0,30.0,37.5,0.0,0.6,67.83,0.0,A,194.24,1086.8,-3.76,defense,False
2025-06-04,0.8087,42.47,42.47,45.93,0.0,0.6,100.32,0.0,A,194.24,1106.89,-2.2,defense,False
2025-06-05,1.6005,48.8,48.8,49.39,1.0,0.6,114.81,-280.5,A,194.24,1140.83,-0.72,defense,True
2025-06-06,-0.0791,30.0,30.0,37.5,1.0,0.6,67.83,67.83,A,474.46,858.98,0.94,defense,True
2025-06-09,0.5254,67.01,67.01,57.27,1.0,1.0,149.72,149.72,A,406.56,932.26,-0.04,defense,True
2025-06-10,-1.1485,29.11,29.11,36.8,1.0,0.6,65.32,65.32,A,256.69,1074.39,-1.0,defense,True
2025-06-11,0.1421,30.0,30.0,37.5,1.0,0.6,67.83,67.83,A,191.31,1139.71,-1.26,defense,True
2025-06-12,0.0371,30.0,30.0,37.5,1.0,0.6,67.83,67.83,A,123.41,1222.23,1.02,defense,True
2025-06-13,-0.6437,32.14,32.14,39.13,1.0,0.6,73.77,73.77,A,110.33,1234.34,0.03,defense,False
2025-06-16,0.8344,66.35,66.35,57.03,1.0,0.9329,148.62,148.62,A,110.33,1264.04,1.35,defense,False
2025-06-17,-0.172,48.16,48.16,49.06,1.0,0.9632,113.4,-280.5,A,110.33,1258.77,0.58,defense,True
2025-06-18,0.7241,42.61,42.61,46.01,1.0,0.6117,100.65,100.65,A,390.55,1009.91,2.18,defense,True
2025-06-19,-0.559,45.23,45.23,47.5,1.0,0.8313,106.8,106.8,A,289.8,1103.6,1.95,defense,True
2025-06-20,-0.6547,32.07,32.07,39.08,1.0,0.6,73.59,73.59,A,182.89,1196.04,2.45,defense,True
2025-06-23,0.4062,44.06,44.06,46.84,1.0,0.8812,104.08,104.08,A,113.0,1263.0,2.17,defense,True
2025-06-24,1.2912,46.33,46.33,48.1,1.0,0.6,109.31,109.31,A,113.0,1273.46,4.05,defense,True
2025-06-25,1.3759,47.01,47.01,48.46,1.0,0.6,110.83,-280.5,A,113.0,1293.41,7.07,defense,True
2025-06-26,-0.1417,30.0,30.0,37.5,1.0,0.6,67.83,67.83,A,393.22,1019.61,7.22,defense,True
2025-06-27,0.5771,40.62,28.43,26.22,1.0,0.6,32.9,32.9,A,325.32,1104.11,5.8,defense,True
2025-06-30,0.9448,54.45,38.11,32.27,1.0,0.75,50.08,50.08,A,292.39,1161.53,8.7,defense,True
2025-07-01,-0.1159,38.52,26.96,25.21,1.0,0.7704,30.53,30.53,A,242.26,1219.29,8.39,defense,True
2025-07-02,-1.2326,46.99,32.9,29.14,0.7,0.9858,40.63,28.44,A,211.7,1223.16,5.27,defense,True
2025-07-03,1.1038,59.65,41.76,34.3,0.7,0.7984,56.7,39.69,A,183.23,1284.24,4.54,defense,True
2025-07-04,-0.167,41.58,29.11,26.68,0.7,0.8316,34.02,23.82,A,143.5,1331.77,4.41,defense,True
2025-07-07,-0.5646,59.79,41.85,34.35,0.7,1.1,56.87,39.81,A,120.95,1338.83,2.79,defense,True
2025-07-08,1.6603,61.6,43.12,35.02,1.0,0.75,59.16,59.16,A,119.7,1396.85,6.99,defense,True
2025-07-09,-0.304,53.56,37.49,31.91,1.0,1.0712,48.95,48.95,A,119.7,1396.38,6.31,defense,True
2025-07-10,-0.0802,54.59,38.21,32.32,1.0,1.0917,50.26,50.26,A,119.7,1390.28,6.13,defense,True
2025-07-11,0.4245,50.0,35.0,30.43,1.0,1.0,44.42,44.42,A,119.7,1385.59,7.76,defense,True
2025-07-14,-0.2405,52.98,37.09,31.68,1.0,1.0597,48.21,48.21,A,119.7,1393.1,6.13,defense,True
2025-07-15,1.5047,80.06,56.04,41.2,1.0,1.0,81.56,81.56,A,119.7,1474.74,8.68,defense,True
2025-07-16,-0.3486,53.51,37.46,31.89,1.0,1.0702,48.88,48.88,A,119.7,1464.89,7.03,defense,True
2025-07-17,1.4808,79.74,55.82,41.1,1.0,1.0,98.05,98.05,A,119.7,1526.36,10.17,attack,True
2025-07-18,-0.2148,51.87,36.31,31.22,1.0,1.0375,53.34,53.34,A,82.27,1553.18,10.87,attack,True
2025-07-21,0.159,50.52,35.36,30.65,1.0,1.0104,51.1,51.1,A,82.27,1562.31,10.48,attack,True
2025-07-22,-0.1395,51.81,36.27,31.19,1.0,1.0362,46.72,46.72,A,82.27,1555.1,8.26,defense,True
2025-07-23,0.0208,51.67,36.17,31.14,1.0,1.0334,46.54,46.54,A,82.27,1549.81,6.21,defense,True
2025-07-24,0.7573,70.1,49.07,38.02,1.0,1.0,69.7,69.7,A,82.27,1552.7,7.58,defense,True
2025-07-25,0.5049,66.73,46.71,36.86,1.0,1.0,65.57,65.57,A,82.27,1557.99,7.47,defense,True
2025-07-28,0.6279,68.37,47.86,37.43,1.0,1.0,67.59,67.59,A,82.27,1607.02,6.99,defense,True
2025-07-29,1.1297,75.06,52.54,39.64,1.0,1.0,75.69,75.69,A,82.27,1668.55,8.89,defense,True
2025-07-30,-0.4684,53.26,37.28,31.79,1.0,1.0651,55.63,55.63,A,82.27,1658.45,10.1,attack,True
2025-07-31,-0.3357,55.0,38.5,32.49,1.0,1.1,50.78,50.78,A,82.27,1676.24,7.87,defense,True
2025-08-01,-0.6,59.4,41.58,34.2,1.0,1.1,56.38,56.38,A,82.27,1643.07,7.21,defense,True
2025-08-04,0.203,55.0,38.5,32.49,1.0,1.1,50.78,50.78,A,82.27,1649.8,8.39,defense,True
2025-08-05,0.3688,55.0,38.5,32.49,1.0,1.1,50.78,50.78,A,82.27,1659.9,6.44,defense,True
2025-08-06,0.4219,53.22,37.26,31.77,1.0,1.0644,48.52,48.52,A,82.27,1667.59,7.55,defense,True
2025-08-07,-0.1658,54.59,38.21,32.33,1.0,1.0918,50.26,50.26,A,82.27,1660.86,7.41,defense,True
2025-08-08,-0.76,57.64,40.35,33.53,1.0,1.1,54.14,54.14,A,82.27,1662.78,5.61,defense,True
2025-08-11,1.2356,78.15,54.7,40.61,1.0,1.0218,79.33,79.33,A,82.27,1700.76,7.84,defense,True
2025-08-12,0.8614,71.48,50.04,38.48,1.0,1.0,71.39,71.39,A,82.27,1757.0,6.87,defense,True
2025-08-13,1.731,83.08,58.16,42.09,1.0,1.0,103.03,103.03,A,82.27,1877.18,10.06,attack,True
2025-08-14,-0.821,56.97,39.88,33.27,0.7,1.1,53.29,37.3,A,82.27,1824.3,6.52,defense,True
2025-08-15,1.1878,75.84,53.09,39.89,0.7,1.0,76.6,53.62,A,82.27,1853.62,8.66,defense,True
2025-08-18,2.3194,90.92,63.65,44.31,0.7,1.0,114.39,80.07,A,82.27,1912.75,12.01,attack,True
2025-08-19,0.074,50.0,35.0,30.43,0.7,1.0,50.25,35.17,A,82.27,1944.96,12.35,attack,True
2025-08-20,1.2467,76.62,53.64,40.14,1.0,1.0,93.3,93.3,A,82.27,1937.27,14.31,attack,True
2025-08-21,-0.2916,51.47,36.03,31.05,1.0,1.0295,52.68,52.68,A,82.27,1916.12,12.62,attack,True
2025-08-22,3.4895,75.0,52.5,39.62,1.0,0.75,285.0,285.0,D,82.27,2003.12,17.39,attack,True
2025-08-25,1.5869,81.16,56.81,41.53,1.0,1.0,100.17,100.17,A,82.27,2099.27,18.98,attack,True
2025-08-26,0.4375,50.0,35.0,30.43,1.0,1.0,50.25,50.25,A,82.27,2069.94,17.82,attack,True
2025-08-27,-0.4072,51.58,36.11,31.1,1.0,1.0316,52.85,52.85,A,82.27,2091.1,17.93,attack,True
2025-08-28,3.5125,100.0,70.0,46.67,1.0,1.0,126.87,126.87,A,82.27,2247.81,24.44,attack,True
2025-08-29,-0.1041,50.36,35.25,30.59,1.0,1.0072,50.84,50.84,A,82.27,2270.88,25.33,attack,True
2025-09-01,1.3673,78.23,54.76,40.64,1.0,1.0,95.75,95.75,A,82.27,2352.6,27.41,attack,True
2025-09-02,-3.1014,33.0,23.1,22.41,0.7,1.1,25.49,17.84,A,82.27,2241.56,21.13,attack,True
2025-09-03,-0.7806,57.41,40.19,33.44,0.7,1.1,62.51,43.76,A,82.27,2288.67,19.06,attack,True
2025-09-04,-3.9419,33.0,23.1,22.41,0.7,1.1,25.49,17.84,A,82.27,2124.74,12.62,attack,True
2025-09-05,2.7575,96.77,67.74,45.85,0.7,1.0,122.5,85.75,A,82.27,2268.0,18.34,attack,True
2025-09-08,-0.2696,55.0,38.5,32.49,0.7,1.1,58.52,40.96,A,82.27,2193.97,15.84,attack,True
2025-09-09,-1.5558,44.44,31.11,28.0,0.7,1.0,41.21,28.85,A,82.27,2160.32,11.89,attack,True
2025-09-10,1.398,78.64,55.05,40.76,0.7,1.0,96.37,67.46,A,82.27,2219.93,11.37,attack,True
2025-09-11,4.0093,110.0,77.0,49.04,0.7,1.1,139.81,97.87,A,82.27,2381.44,19.15,attack,True
2025-09-12,-0.0142,55.0,38.5,32.49,1.0,1.1,58.52,58.52,A,82.27,2383.85,17.13,attack,True
2025-09-15,0.0196,55.0,38.5,32.49,1.0,1.1,58.52,58.52,A,82.27,2347.8,13.41,attack,True
2025-09-16,0.7373,76.38,53.46,40.06,1.0,1.0937,92.91,92.91,A,82.27,2373.75,14.48,attack,True
2025-09-17,0.5893,71.06,49.74,38.34,1.0,1.0472,84.63,84.63,A,82.27,2386.73,13.43,attack,True
2025-09-18,0.4547,50.47,35.33,30.63,1.0,1.0093,51.01,51.01,A,82.27,2419.9,14.64,attack,True
2025-09-19,-0.043,50.68,35.47,30.72,1.0,1.0136,45.28,45.28,A,82.27,2418.94,9.13,defense,True
2025-09-22,1.8369,84.49,59.14,42.51,1.0,1.0,86.63,86.63,A,82.27,2506.43,9.51,defense,True
2025-09-23,-0.3683,51.56,36.09,31.09,1.0,1.0311,46.39,46.39,A,82.27,2521.81,8.26,defense,True
2025-09-24,1.6542,82.06,57.44,41.79,1.0,1.0,101.51,101.51,A,82.27,2511.72,11.46,attack,True
2025-09-25,1.0828,55.83,39.08,32.82,1.0,0.75,51.84,51.84,A,82.27,2532.87,7.78,defense,True
2025-09-26,-1.8591,35.59,24.91,23.75,0.7,0.8595,27.51,19.26,A,82.27,2468.45,5.07,defense,True
2025-09-29,1.1875,60.12,42.08,34.47,0.7,0.7927,57.28,40.1,A,82.27,2526.14,4.81,defense,True
2025-09-30,0.5742,51.32,35.93,30.99,0.7,0.7586,52.43,36.7,A,82.27,2525.66,10.57,attack,True
2025-10-09,1.6627,61.63,43.14,35.03,0.7,0.75,69.45,48.61,A,82.27,2556.42,14.47,attack,True
2025-10-10,-3.1514,28.14,19.7,19.76,0.7,0.938,0.0,0.0,none,82.27,2459.32,15.84,attack,True
2025-10-13,-0.1573,47.6,33.32,29.4,0.7,0.952,46.31,32.42,A,82.27,2437.69,11.2,attack,True
2025-10-14,-3.175,30.0,37.95,32.17,0.7,1.0,49.78,34.85,A,82.27,2322.32,6.57,defense,True
2025-10-15,1.2202,55.1,38.57,32.53,0.7,0.7225,58.68,41.08,A,82.27,2377.6,10.89,attack,False
2025-10-16,-0.4221,50.0,35.0,30.43,1.0,1.0,44.42,44.42,A,82.27,2387.21,8.06,defense,True
2025-10-17,-2.6188,33.81,41.55,34.18,0.0,1.0,56.32,0.0,A,82.27,2294.44,-1.62,defense,True
2025-10-20,0.9462,72.62,50.83,38.85,0.0,1.0,72.75,0.0,A,82.27,2334.82,-0.27,defense,False
2025-10-21,2.3292,91.06,63.74,44.34,1.0,1.0,93.9,93.9,A,82.27,2442.5,3.02,defense,False
2025-10-22,-0.5551,59.89,44.84,35.92,1.0,1.1,62.24,62.24,A,82.27,2425.19,1.14,defense,True
2025-10-23,-0.3268,55.0,40.22,33.45,1.0,1.1,53.9,53.9,A,82.27,2399.71,-0.17,defense,True
2025-10-24,2.8924,98.03,68.62,46.17,1.0,0.9946,101.32,101.32,A,82.27,2525.66,3.28,defense,False
2025-10-27,2.3241,100.09,70.06,46.69,1.0,1.1,103.45,103.45,A,82.27,2608.82,6.78,defense,True
2025-10-28,-0.24,55.0,38.5,32.49,1.0,1.1,50.78,50.78,A,82.27,2611.71,3.69,defense,True
2025-10-29,1.0453,76.1,53.27,39.97,1.0,1.0292,76.91,76.91,A,82.27,2668.43,5.8,defense,True
2025-10-30,-1.4825,49.69,34.78,30.3,1.0,1.1,44.03,44.03,A,82.27,2625.17,1.16,defense,True
2025-10-31,-2.2694,41.04,28.73,26.42,0.7,1.1,33.38,23.37,A,82.27,2509.31,-3.61,defense,True
2025-11-03,0.1923,55.0,38.5,32.49,0.7,1.1,50.78,35.55,A,82.27,2536.23,-0.7,defense,False
2025-11-04,-0.8647,56.49,39.54,33.08,0.7,1.1,52.68,36.87,A,82.27,2502.1,-3.57,defense,False
2025-11-05,-0.5268,60.2,42.14,34.5,0.7,1.1,57.39,40.18,A,82.27,2522.29,-5.07,defense,False
2025-11-06,1.5145,88.21,61.75,43.56,1.0,1.1,90.79,90.79,A,82.27,2586.71,-5.27,defense,False
2025-11-07,-0.808,57.11,39.98,33.32,1.0,1.1,53.47,53.47,A,82.27,2542.96,-1.95,defense,True
2025-11-10,-0.1337,55.0,38.5,32.49,1.0,1.1,50.78,50.78,A,82.27,2502.58,-1.91,defense,False
2025-11-11,-1.3781,46.22,32.35,28.8,0.8,1.0,39.66,31.73,A,82.27,2452.59,0.72,defense,False
2025-11-12,-0.398,50.0,35.0,30.43,0.8,1.0,44.42,35.54,A,82.27,2453.55,-1.56,defense,False
2025-11-13,0.5054,66.74,46.72,36.87,0.8,1.0,65.57,52.46,A,82.27,2462.69,-0.25,defense,False
2025-11-14,-2.1414,28.94,20.26,20.21,0.8,0.75,0.0,0.0,none,82.27,2386.73,0.45,defense,False
2025-11-17,0.048,37.5,26.25,24.71,1.3,0.75,29.43,38.26,A,82.27,2394.9,-0.82,defense,False
2025-11-18,0.1391,37.5,26.25,24.71,1.3,0.75,29.43,38.26,A,82.27,2386.73,-3.82,defense,False
2025-11-19,-0.545,40.91,28.64,26.36,1.3,0.75,33.24,43.21,A,82.27,2394.9,-3.81,defense,False
2025-11-20,-0.5382,40.96,28.67,26.39,1.3,0.75,33.3,43.29,A,82.27,2394.9,-4.1,defense,False
2025-11-21,-2.6853,33.15,54.99,40.74,0.0,1.0,79.8,0.0,A,82.27,2286.26,-11.44,defense,False
2025-11-24,0.5025,50.03,50.8,38.84,0.0,0.75,72.71,0.0,A,82.27,2273.77,-13.67,defense,False
2025-11-25,1.4123,59.12,41.39,34.09,0.0,0.75,56.03,0.0,A,82.27,2348.76,-11.62,defense,False
2025-11-26,1.1655,56.66,39.66,33.14,0.0,0.75,52.89,0.0,A,82.27,2427.11,-11.47,defense,False
2025-11-27,-0.3419,50.0,35.0,30.43,0.0,1.0,44.42,0.0,A,82.27,2405.96,-10.0,defense,False
2025-11-28,0.6175,68.23,68.23,57.71,1.0,1.0,151.76,151.76,A,82.27,2415.09,-6.16,defense,False
2025-12-01,1.3735,78.31,54.82,40.66,0.0,1.0,79.52,0.0,A,82.27,2442.01,-4.58,defense,False
2025-12-02,-0.4821,50.0,50.0,50.0,1.0,1.0,117.4,117.4,A,82.27,2430.96,-4.06,defense,False
2025-12-03,-0.7568,52.43,36.7,31.45,0.0,1.0,47.51,0.0,A,82.27,2423.27,-4.37,defense,False
2025-12-04,0.4702,50.0,35.0,30.43,0.0,1.0,44.42,0.0,A,82.27,2441.05,-5.77,defense,False
2025-12-05,0.3858,50.0,35.0,30.43,0.0,1.0,44.42,0.0,A,82.27,2457.88,-4.14,defense,False
2025-12-08,2.0132,86.84,60.79,43.18,1.0,1.0,89.27,89.27,A,82.27,2559.79,-1.2,defense,False
2025-12-09,0.667,68.89,48.22,37.61,1.0,1.0,68.23,68.23,A,82.27,2606.42,1.75,defense,True
2025-12-10,-0.0423,52.63,36.84,31.53,1.0,1.0526,47.76,47.76,A,82.27,2610.26,2.27,defense,True
2025-12-11,-1.4465,45.54,31.87,28.49,0.7,1.0,38.82,27.17,A,82.27,2546.33,-0.57,defense,True
2025-12-12,1.0663,81.64,57.15,41.67,0.7,1.1,83.38,58.37,A,82.27,2579.02,4.14,defense,True
2025-12-15,-1.527,44.73,31.31,28.13,0.7,1.0,37.82,26.48,A,82.27,2519.89,1.79,defense,True
2025-12-16,-0.903,50.97,35.68,30.84,0.7,1.0,45.65,31.96,A,82.27,2467.49,0.28,defense,False
2025-12-17,2.2085,67.08,46.96,36.99,1.0,0.75,66.0,66.0,A,82.27,2586.23,4.26,defense,False
2025-12-18,-1.0626,49.37,34.56,30.17,0.7,1.0,43.63,30.54,A,82.27,2527.1,3.47,defense,False
2025-12-19,0.0912,50.0,50.0,50.0,0.7,1.0,117.4,82.18,A,82.27,2515.56,7.74,defense,False
2025-12-22,1.5653,88.96,62.27,43.77,0.7,1.1,91.61,64.13,A,82.27,2612.67,9.36,defense,False
2025-12-23,-0.0698,55.0,55.0,52.38,0.7,1.1,127.74,89.42,A,82.27,2634.3,7.09,defense,True
2025-12-24,1.0889,74.52,52.16,39.47,1.0,1.0,75.04,75.04,A,82.27,2673.24,6.98,defense,True
2025-12-25,-0.1315,54.16,54.16,52.0,1.0,1.0833,126.06,126.06,A,82.27,2678.52,7.3,defense,True
2025-12-26,-0.1384,55.0,55.0,52.38,1.0,1.1,127.74,127.74,A,82.27,2656.41,6.15,defense,True
2025-12-29,0.1084,54.99,54.99,52.38,1.0,1.0998,127.71,127.71,A,82.27,2669.39,4.27,defense,True
2025-12-30,0.351,50.0,50.0,50.0,1.0,1.0,117.4,117.4,A,82.27,2677.56,5.52,defense,True
2025-12-31,-0.3774,55.0,55.0,52.38,1.0,1.1,127.74,127.74,A,82.27,2628.53,6.1,defense,True
2026-01-05,2.2072,89.43,89.43,64.14,1.0,1.0,182.2,182.2,A,82.27,2677.08,8.71,defense,True
2026-01-06,1.1576,56.58,39.6,33.11,1.0,0.75,52.79,52.79,A,82.27,2666.51,9.9,defense,True
2026-01-07,0.2151,37.5,26.25,24.71,1.0,0.75,29.43,29.43,A,82.27,2712.17,7.16,defense,True
2026-01-08,-0.1233,38.48,26.94,25.19,0.0,0.7696,30.48,0.0,A,82.27,2674.2,5.96,defense,True
2026-01-09,1.2213,57.21,40.05,33.36,0.0,0.75,53.6,0.0,A,82.27,2675.16,7.88,defense,True
2026-01-12,2.6132,66.39,46.47,36.75,0.0,0.7,77.18,0.0,A,82.27,2677.56,14.26,attack,True
2026-01-13,-2.1521,24.61,0.0,0.0,0.0,0.6395,0.0,-297.5,none,82.27,2613.63,9.09,defense,True
2026-01-14,1.1686,52.91,37.04,31.64,0.0,0.7,55.05,0.0,A,379.47,2347.65,13.38,attack,False
2026-01-15,-0.0433,35.0,24.5,23.44,0.0,0.7,27.55,0.0,A,379.47,2395.36,14.79,attack,False
2026-01-16,0.6733,48.28,33.8,29.7,0.0,0.7,47.43,0.0,A,379.47,2422.63,12.35,attack,True
2026-01-19,-0.6866,37.19,26.04,24.55,0.0,0.7,30.34,0.0,A,379.47,2418.37,12.97,attack,True
2026-01-20,-1.0081,48.35,33.85,29.73,0.0,0.9686,47.54,0.0,A,379.47,2364.27,11.2,attack,True
2026-01-21,1.5996,56.93,39.85,33.25,0.0,0.7,61.71,0.0,A,379.47,2417.94,11.25,attack,True
2026-01-22,0.4954,35.0,24.5,23.44,0.0,0.7,27.55,0.0,A,379.47,2452.45,12.15,attack,True
2026-01-23,0.2486,37.5,26.25,24.71,0.0,0.75,30.76,0.0,A,379.47,2409.42,10.82,attack,True
2026-01-26,-1.0475,29.71,20.8,20.64,0.0,0.6,0.0,0.0,none,379.47,2408.14,9.37,defense,False
2026-01-27,1.199,53.19,37.23,31.76,0.0,0.7,55.52,0.0,A,379.47,2474.6,11.46,attack,False
2026-01-28,0.0549,37.5,26.25,24.71,0.0,0.75,30.76,0.0,A,379.47,2490.79,11.38,attack,True
2026-01-29,-1.6088,40.59,28.42,26.21,0.0,0.9244,32.87,0.0,A,379.47,2419.65,8.28,defense,True
2026-01-30,0.0821,45.92,32.15,28.67,0.0,0.9185,39.3,0.0,A,379.47,2471.19,8.99,defense,False
2026-02-02,-2.5769,34.23,23.96,23.05,0.0,1.0,26.29,0.0,A,379.47,2385.14,1.77,defense,True
2026-02-03,1.5779,81.04,56.73,41.49,1.0,1.0,82.69,82.69,A,379.47,2438.81,2.37,defense,False
2026-02-04,-1.0311,49.69,34.78,30.3,0.0,1.0,44.03,0.0,A,379.47,2400.9,0.55,defense,False
2026-02-05,-1.0288,49.71,40.2,33.44,0.0,1.0,53.87,0.0,A,379.47,2339.98,-0.75,defense,False
2026-02-06,-0.3981,50.0,37.09,31.68,1.0,1.0,48.22,48.22,A,379.47,2322.09,-3.01,defense,False
2026-02-09,2.1049,88.07,61.65,43.52,1.0,1.0,90.62,90.62,A,379.47,2408.57,-3.69,defense,False
2026-02-10,0.5158,66.88,46.81,36.92,1.0,1.0,65.75,65.75,A,379.47,2413.26,0.1,defense,False
2026-02-11,-0.5734,54.27,41.0,33.88,1.0,1.0,55.32,55.32,A,379.47,2377.9,-2.35,defense,False
2026-02-12,1.2503,75.04,52.53,39.64,1.0,0.9788,75.66,75.66,A,379.47,2440.52,-0.54,defense,False
2026-02-13,-0.5478,54.52,38.17,32.3,1.0,1.0,50.17,50.17,A,303.73,2471.38,-2.26,defense,True
2026-02-24,0.79,67.78,47.45,37.23,1.0,0.961,66.86,66.86,A,303.73,2546.04,-0.18,defense,True
2026-02-25,0.3077,46.39,32.47,28.87,1.0,0.9278,39.88,39.88,A,236.81,2624.17,1.72,defense,True
2026-02-26,1.0669,58.32,40.82,33.79,1.0,0.7857,55.01,55.01,A,234.6,2692.69,0.97,defense,True
2026-02-27,0.1879,50.63,35.44,30.7,1.0,1.0127,45.22,45.22,A,234.6,2654.8,0.53,defense,True
2026-03-02,-0.96,45.73,32.01,28.58,1.0,0.9074,39.06,39.06,A,234.6,2685.92,-1.2,defense,True
2026-03-03,-3.208,33.0,23.1,22.41,0.7,1.1,25.38,17.76,A,234.6,2594.35,-4.3,defense,True
2026-03-04,-0.5369,54.63,38.24,32.34,0.7,1.0,50.31,35.22,A,234.6,2577.66,-6.63,defense,False
2026-03-05,1.0216,80.98,56.69,41.47,0.7,1.1,82.62,57.84,A,234.6,2606.98,-5.34,defense,False
2026-03-06,0.1071,55.0,38.5,32.49,0.7,1.1,50.78,35.55,A,234.6,2585.78,-2.97,defense,False
2026-03-09,-0.8473,51.53,36.07,31.08,0.0,1.0,46.36,0.0,A,234.6,2456.76,-4.26,defense,False
2026-03-10,1.9612,69.49,48.64,37.81,1.0,0.8066,68.96,68.96,A,234.6,2575.85,2.19,defense,False
2026-03-11,-0.165,50.0,35.0,30.43,0.0,1.0,44.42,0.0,A,230.45,2569.15,-0.3,defense,False
2026-03-12,-0.5842,54.16,37.91,32.15,0.0,1.0,49.71,0.0,A,230.45,2533.91,0.35,defense,False
2026-03-13,-1.0104,37.42,26.2,24.67,1.0,0.75,29.35,29.35,A,230.45,2517.64,0.37,defense,False
2026-03-16,0.2966,37.5,26.25,24.71,1.0,0.75,29.43,29.43,A,230.45,2550.17,1.38,defense,False
2026-03-17,-2.0875,29.34,20.54,20.43,0.0,0.75,0.0,0.0,none,230.45,2442.18,-4.52,defense,False
2026-03-18,1.6309,61.31,42.92,34.91,1.0,0.75,58.79,58.79,A,230.45,2522.61,-3.01,defense,False
2026-03-19,-1.3743,34.69,24.28,23.29,1.0,0.75,26.69,26.69,A,230.45,2497.31,-4.13,defense,False
2026-03-20,-1.0367,37.22,26.06,24.57,1.0,0.75,29.14,29.14,A,230.45,2565.99,-7.21,defense,False
2026-03-23,-3.4112,30.0,54.5,52.15,0.7,1.0,126.74,88.72,A,230.45,2462.52,-11.03,defense,False
2026-03-24,1.2429,76.57,53.6,40.12,0.7,1.0,77.47,54.23,A,230.45,2520.8,-10.46,defense,False
2026-03-25,1.6727,82.3,57.61,41.87,0.7,1.0,84.14,58.9,A,230.45,2588.13,-8.72,defense,False
2026-03-26,-1.5522,44.48,44.48,47.08,0.7,1.0,105.06,73.54,A,230.45,2551.08,-12.09,defense,True
2026-03-27,0.2251,50.0,35.0,30.43,1.0,1.0,44.42,44.42,A,230.45,2555.14,-12.04,defense,False
2026-03-30,0.0214,50.0,50.0,50.0,1.0,1.0,117.4,117.4,A,230.45,2569.6,-10.79,defense,False
2026-03-31,-1.29,47.1,47.1,48.51,0.7,1.0,111.04,77.73,A,230.45,2500.92,-8.23,defense,True
2026-04-01,1.7958,83.94,83.94,62.67,0.7,1.0,175.11,122.58,A,230.45,2570.96,-5.15,defense,False
2026-04-02,-1.7601,42.4,42.4,45.89,0.7,1.0,100.15,70.11,A,230.45,2533.46,-8.86,defense,False
2026-04-03,0.2082,50.0,50.0,50.0,0.7,1.0,117.4,82.18,A,230.45,2612.07,-8.73,defense,False
2026-04-07,0.4738,50.0,50.0,50.0,1.0,1.0,117.4,117.4,A,230.45,2616.14,-6.99,defense,True
2026-04-08,4.2973,100.0,70.0,46.67,1.0,1.0,255.0,255.0,D,230.45,2759.37,-3.97,defense,False
2026-04-09,0.0615,50.0,50.0,50.0,1.0,1.0,117.4,117.4,A,230.45,2785.58,-3.66,defense,True
2026-04-10,1.0544,74.06,51.84,39.32,1.0,1.0,74.49,74.49,A,230.45,2864.65,-1.38,defense,True
2026-04-13,0.3838,50.0,35.0,30.43,1.0,1.0,44.42,44.42,A,230.45,2880.01,0.61,defense,True
2026-04-14,1.132,75.09,52.57,39.65,1.0,1.0,75.72,75.72,A,230.45,2933.78,1.81,defense,True
2026-04-15,-0.8799,56.32,56.32,52.97,1.0,1.1,130.35,130.35,A,230.45,2909.38,3.62,defense,True
2026-04-16,1.046,73.95,51.76,39.28,1.0,1.0,74.35,74.35,A,230.45,2983.94,2.77,defense,True
2026-04-17,0.8933,71.91,50.34,38.62,1.0,1.0,71.9,71.9,A,230.45,3103.22,6.17,defense,True
2026-04-20,1.498,79.97,55.98,41.17,1.0,1.0,98.39,98.39,A,230.45,3091.93,10.07,attack,True
2026-04-21,-0.5469,47.17,33.02,29.21,1.0,0.865,45.61,45.61,A,166.05,3200.54,14.8,attack,True
2026-04-22,2.078,87.71,61.39,43.42,1.0,1.0,109.8,109.8,A,166.05,3326.0,16.15,attack,True
2026-04-23,-0.4337,54.45,38.12,32.27,1.0,1.089,57.61,57.61,A,166.05,3268.8,12.74,attack,True
2026-04-24,-0.296,55.0,38.5,32.49,1.0,1.1,58.52,58.52,A,166.05,3227.75,14.81,attack,True
2026-04-27,1.946,64.46,45.12,36.06,1.0,0.75,74.06,74.06,A,166.05,3264.65,17.62,attack,True
2026-04-28,-1.2383,43.23,30.26,27.44,1.0,0.9078,39.29,39.29,A,166.05,3222.68,15.5,attack,True
2026-04-29,0.4757,42.46,29.72,27.09,1.0,0.8492,38.09,38.09,A,166.05,3261.42,18.47,attack,True
2026-04-30,0.8919,53.92,37.74,32.06,1.0,0.75,56.73,56.73,A,166.05,3288.18,16.98,attack,True
2026-05-06,2.3658,68.66,48.06,37.53,1.0,0.75,80.82,80.82,A,166.05,3373.5,24.05,attack,True
2026-05-07,1.5635,60.63,42.44,34.66,1.0,0.75,67.82,67.82,A,166.05,3500.81,26.45,attack,True
2026-05-08,-0.0052,50.04,35.02,30.45,1.0,1.0007,50.3,50.3,A,166.05,3492.97,25.59,attack,True
2026-05-11,2.3817,91.76,64.23,44.53,1.0,1.0,115.56,115.56,A,166.05,3590.75,22.35,attack,True
2026-05-12,-0.1386,50.66,35.46,30.71,1.0,1.0131,51.33,51.33,A,166.05,3642.87,22.0,attack,True
2026-05-13,1.9884,86.51,60.56,43.08,1.0,1.0,108.07,108.07,A,166.05,3737.42,23.6,attack,True
2026-05-14,-1.6424,47.93,33.55,29.55,1.0,1.1,46.85,46.85,A,166.05,3679.77,20.05,attack,True
2026-05-15,-1.0267,54.71,38.29,32.37,0.7,1.1,58.03,40.62,A,166.05,3602.28,16.4,attack,True
2026-05-18,1.1212,82.44,57.71,41.91,0.7,1.1,102.09,71.46,A,166.05,3636.41,19.77,attack,True
2026-05-19,1.7535,83.38,58.37,42.18,0.7,1.0,103.48,72.44,A,166.05,3677.92,20.97,attack,True
2026-05-20,0.6375,51.38,35.96,31.01,0.7,0.75,52.52,36.76,A,166.05,3759.56,20.53,attack,True
2026-05-21,-2.6518,36.83,0.0,0.0,0.7,1.1,0.0,-332.5,none,166.05,3605.05,13.53,attack,True
2026-05-22,2.317,94.32,66.02,45.21,0.7,1.0377,119.13,83.39,A,498.22,3445.05,18.21,attack,True
2026-05-25,2.5562,94.08,65.86,45.15,0.7,1.0,118.81,83.17,A,414.75,3673.39,19.19,attack,True
